<?xml version="1.0" encoding="UTF-8"?>
<!DOCTYPE mapper
  PUBLIC "-//mybatis.org//DTD Mapper 3.0//EN"
  "http://mybatis.org/dtd/mybatis-3-mapper.dtd">
  
<mapper namespace="com.cloud.mapper.BoardMapper">
	<!-- id는 메소드, resultType - 반환값 -->
	<select id="getBoardList" resultType="com.cloud.domain.BoardVO">
		SELECT * FROM tbl_humor ORDER BY bno DESC
	</select>
	
	<!-- 페이지 처리가 되는 목록 보기 -->
	<select id="getListWithPage" resultType="com.cloud.domain.BoardVO">
		<![CDATA[
		SELECT * FROM
		(
		    SELECT /*+ INDEX_DESC(tbl_humor pk_humor) */
		    ROWNUM rn, bno, title, writer, content, regdate, updatedate, cnt 
		    FROM tbl_humor
		    WHERE ROWNUM <= (#{pageNum} * #{amount})
		)
		WHERE rn > (#{pageNum}-1) * 10
		]]>
	</select>
	
	<!-- 총 게시글 수 -->
	<select id="getTotalCount" resultType="int">
		SELECT COUNT(*) FROM tbl_humor
	</select>
	
	<!-- 게시글 입력  -->
	<insert id="insertBoard">
		INSERT INTO tbl_humor(bno, title, writer, content) 
		VALUES (humorSeq.nextval, #{title}, #{writer}, #{content})
	</insert>
	
	<select id="getBoard" resultType="com.cloud.domain.BoardVO">
		SELECT * FROM tbl_humor WHERE bno = #{bno}
	</select>
	
	<!-- 글 삭제 -->
	<delete id="deleteBoard">
		DELETE FROM tbl_humor WHERE bno = #{bno}
	</delete>
	
	<!-- 글 수정 -->
	<update id="updateBoard">
		UPDATE tbl_humor 
		SET title = #{title}, content = #{content}
		WHERE bno = #{bno}
	</update>
	
	<!-- 조회수 -->
	<update id="updateCount">
		UPDATE tbl_humor
		SET cnt = cnt + 1
		WHERE bno = #{bno}
	</update>
</mapper>