<?xml version="1.0" encoding="UTF-8"?>
<!DOCTYPE mapper
  PUBLIC "-//mybatis.org//DTD Mapper 3.0//EN"
  "http://mybatis.org/dtd/mybatis-3-mapper.dtd">
  
  <mapper namespace="com.cloud.mapper.MemberMapper">
     <resultMap type="com.cloud.domain.MemberVO" id="memberMap">
        
        <!-- 속성 / 디비 -->
        <id property="userid" column="userid"/> <!-- 기본키 -->
        <result property="userid" column="userid"/>
        <result property="userpw" column="userpw"/>
        <result property="username" column="username"/>
        <result property="enabled" column="enabled"/>
        <result property="regdate" column="regdate"/>
        <result property="updateDate" column="updatedate"/>
        <result property="email" column="email"/>
        <collection property="authList" resultMap="authMap"/>
     </resultMap>
     
     <resultMap type="com.cloud.domain.AuthVO" id="authMap">
        <result property="userid" column="userid"/>
        <result property="auth" column="auth"/>
     </resultMap>
     
     <!-- 회원 상세보기 -->
     <select id="read" resultMap="memberMap">
      SELECT mem.userid, userpw, username, enabled, regdate, updatedate, auth, email
      FROM tbl_member mem
         LEFT OUTER JOIN tbl_member_auth auth
         ON mem.userid = auth.userid
      WHERE mem.userid = #{userid}
     </select>
     
     <!-- 회원 가입 -->
     <insert id="insertMember">
        INSERT INTO tbl_member(userid, userpw, username, enabled, email)
        VALUES (#{userid}, #{userpw}, #{username}, '1', #{email})
     </insert>
     
     <!-- 회원 목록 -->
     <select id="getMemberList" resultMap="memberMap">
        SELECT mem.userid, mem.userpw, mem.username, mem.regdate, auth.auth, mem.email
      FROM tbl_member mem, tbl_member_auth auth 
      WHERE mem.userid = auth.userid
     </select>
     
     <!-- 회원 삭제 -->
     <delete id="deleteMember">
        DELETE FROM tbl_member WHERE userid = #{userid}
     </delete>
     
     <!-- 회원 수정 -->
     <update id="updateMember">
        UPDATE tbl_member 
        SET userpw = #{userpw}, username = #{username}, email = #{email}
        WHERE userid = #{userid}
     </update>
     
  </mapper>