<?xml version="1.0" encoding="UTF-8"?>
<beans xmlns="http://www.springframework.org/schema/beans"
	xmlns:xsi="http://www.w3.org/2001/XMLSchema-instance"
	xmlns:context="http://www.springframework.org/schema/context"
	xmlns:mybatis-spring="http://mybatis.org/schema/mybatis-spring"
	xsi:schemaLocation="http://mybatis.org/schema/mybatis-spring http://mybatis.org/schema/mybatis-spring-1.2.xsd
		http://www.springframework.org/schema/beans https://www.springframework.org/schema/beans/spring-beans.xsd
		http://www.springframework.org/schema/context http://www.springframework.org/schema/context/spring-context-4.3.xsd">
	
	<!-- Root Context: defines shared resources visible to all other web components -->
	<!-- DataSource 설정 - hikari 빈 등록(setter 주입) -->	
	<bean id="hikariConfig" class="com.zaxxer.hikari.HikariConfig">
		<property name="driverClassName" value="oracle.jdbc.OracleDriver" />
		<property name="jdbcUrl" value="jdbc:oracle:thin:@localhost:1521:xe" />
		<property name="username" value="c##spring" />
		<property name="password" value="spring" />
	</bean>
	
	<!-- dataSource 빈 등록 - 생성자 주입 -->
	<bean id="dataSource" class="com.zaxxer.hikari.HikariDataSource"
	      destroy-method="close">
		<constructor-arg ref="hikariConfig" />
	</bean>
	
	<!-- 마이바티즈 사용 - sqlSessionFactory 빈 등록: dataSource 객체 참조 -->
	<bean id="sqlSessionFactory" class="org.mybatis.spring.SqlSessionFactoryBean">
		<property name="dataSource" ref="dataSource" />
	</bean>
	
	<mybatis-spring:scan base-package="com.cloud.mapper"/>
	
	<!-- 파일 업로드 설정 , 최대 파일 크기 : 5MB-->
	<bean id="multipartResolver" class="org.springframework.web.multipart.commons.CommonsMultipartResolver">
		<property name="maxUploadSize" value="5000000"/>
	</bean>
	
	
</beans>
